"id","url","title","rev_host","visit_count","hidden","typed","frecency","last_visit_date","guid","foreign_count","url_hash","description","preview_image_url","site_name","origin_id","recalc_frecency","alt_frecency","recalc_alt_frecency"
"1","https://www.mozilla.org/privacy/firefox/","","gro.allizom.www.","1","1","0","24","1695156585088851","LJT1P8PCWpaC","0","47356411089529","","","","1","0","","1"
"2","https://www.mozilla.org/en-US/privacy/firefox/","Firefox Privacy Notice — Mozilla","gro.allizom.www.","1","0","0","98","1695156586943663","uz9Oz1yerI_c","0","47358032558425","
  Our Privacy Notices describe the data our products and services receive, share, and use, as well as choices available to you.
","https://www.mozilla.org/media/img/mozorg/mozilla-256.4720741d4108.jpg","","1","0","","1"
"3","https://support.mozilla.org/products/firefox","","gro.allizom.troppus.","0","0","0","96","","PvnJ4V5p5igf","1","47358327123126","","","","2","0","","1"
"4","https://support.mozilla.org/kb/customize-firefox-controls-buttons-and-toolbars?utm_source=firefox-browser&utm_medium=default-bookmarks&utm_campaign=customize","","gro.allizom.troppus.","0","0","0","96","","g0gF_ShDem8v","1","47359956450016","","","","2","0","","1"
"5","https://www.mozilla.org/contribute/","","gro.allizom.www.","0","0","0","96","","ut48Jsa3-tx_","1","47357364218428","","","","1","0","","1"
"6","https://www.mozilla.org/about/","","gro.allizom.www.","0","0","0","96","","akhioELy4rxy","1","47357608426557","","","","1","0","","1"
"7","https://www.mozilla.org/firefox/?utm_medium=firefox-desktop&utm_source=bookmarks-toolbar&utm_campaign=new-users&utm_content=-global","","gro.allizom.www.","0","0","0","96","","1Xq-WxUf4LFH","1","47357369712570","","","","1","0","","1"
"8","https://www.thunderbird.net/thunderbird/102.0/eoy/","","ten.dribrednuht.www.","1","1","0","24","1695310762433684","4XMLk0Fz_6Ef","0","47360383852703","","","","3","0","","1"
"9","https://www.thunderbird.net/en-GB/thunderbird/102.0/eoy/","Help Keep Thunderbird Alive! — Thunderbird","ten.dribrednuht.www.","1","0","0","98","1695310763452876","_2OwOVNaSscF","0","47360451920341","","https://www.thunderbird.net/media/img/thunderbird/thunderbird-256.png","","3","0","","1"
"10","https://www.google.com/search?channel=fs&client=ubuntu-sn&q=fenix","fenix - Google Search","moc.elgoog.www.","1","0","1","98","1696071471329938","3fUGn5CZH1mi","0","47360503308352","","","","4","0","","1"
"11","https://www.google.com/url?sa=t&rct=j&q=&esrc=s&source=web&cd=&ved=2ahUKEwjns7_XltKBAxWlWaQEHe28CSQQFnoECA0QAQ&url=https%3A%2F%2Ffenix.tecnico.ulisboa.pt%2F&usg=AOvVaw2CY68BQ15-xw145G6KhM_5&opi=89978449","","moc.elgoog.www.","1","0","0","98","1696071474514003","43mIxxYHGDfa","0","47357676890698","","","","4","0","","1"
"12","https://fenix.tecnico.ulisboa.pt/","","tp.aobsilu.ocincet.xinef.","1","1","0","24","1696071474767864","srMWH3ZqqDx8","0","47359530148125","","","","5","0","","1"
"13","https://fenix.tecnico.ulisboa.pt/login","","tp.aobsilu.ocincet.xinef.","1","1","0","24","1696071474780478","SSpSiZOa5gE3","0","47359735383440","","","","5","0","","1"
"14","https://id.tecnico.ulisboa.pt/cas/login?service=https:%2F%2Ffenix.tecnico.ulisboa.pt%2Fapi%2Fcas-client%2Flogin%2FaHR0cHM6Ly9mZW5peC50ZWNuaWNvLnVsaXNib2EucHQvbG9naW4uZG8=","Técnico Lisboa - Autenticação","tp.aobsilu.ocincet.di.","1","0","0","39","1696071475409481","5xHxs0tjrZ7c","0","47357423320222","","","","6","0","","1"
"15","https://www.google.com/search?channel=fs&client=ubuntu-sn&q=youtube","youtube - Google Search","moc.elgoog.www.","1","0","1","98","1696071488523119","8mV4CV6SJZKx","0","47358031231827","","","","4","0","","1"
"16","https://www.google.com/url?sa=t&rct=j&q=&esrc=s&source=web&cd=&ved=2ahUKEwjm_NjfltKBAxUvVqQEHY19D_gQFnoECAYQAQ&url=https%3A%2F%2Fwww.youtube.com%2F&usg=AOvVaw0usXxGa_x5y1xoI_LaL0-1&opi=89978449","","moc.elgoog.www.","1","0","0","98","1696071490921454","8iGYG1KCRTlt","0","47359860986086","","","","4","0","","1"
"17","https://www.youtube.com/","YouTube","moc.ebutuoy.www.","1","0","0","98","1696071491108121","VjL3Yk7Wz1jo","0","47360296250519","Enjoy the videos and music that you love, upload original content and share it all with friends, family and the world on YouTube.","https://www.youtube.com/img/desktop/yt_1200.png","","7","0","","1"
"18","https://www.google.com/search?channel=fs&client=ubuntu-sn&q=youtube+to+mp3+converter","youtube to mp3 converter - Google Search","moc.elgoog.www.","1","0","1","98","1696071528644269","gwKIO6GDb-S0","0","47359564233968","","","","4","0","","1"
"19","https://www.google.com/url?sa=t&rct=j&q=&esrc=s&source=web&cd=&ved=2ahUKEwjy6ePnltKBAxUuT6QEHS3fAlAQFnoECA0QAQ&url=https%3A%2F%2Fytmp3.nu%2FHcni%2F&usg=AOvVaw3AmAKE6VqQ97FJL67cmitU&opi=89978449","","moc.elgoog.www.","1","0","0","98","1696071534132865","jxipoDZlo67S","0","47360402757977","","","","4","0","","1"
"20","https://ytmp3.nu/Hcni/","YtMp3 - YouTube to MP3 Converter","un.3pmty.","1","0","0","98","1696071535658977","Th13liEV6JV6","0","47360252935831","Download your YouTube videos as MP3 (audio) or MP4 (video) files with the fastest and most powerful YouTube Converter. No app or software needed.","","","8","0","","1"
"21","https://www.youtube.com/watch?v=KeN3OdD9L8g","Extended Highlights SL Benfica 1-0 FC Porto - YouTube","moc.ebutuoy.www.","1","0","0","98","1696071543148683","9xqVyWw7IL_P","0","47359543686314","","","","7","0","","1"
"22","https://www.youtube.com/results?search_query=memes","memes - YouTube","moc.ebutuoy.www.","1","0","0","98","1696071613296754","wxieVG2KxyAl","0","47358560326600","","","","7","0","","1"
"23","https://www.youtube.com/watch?v=4dWEp_FXzdg","offensive memes that if ylyl v922 - YouTube","moc.ebutuoy.www.","1","0","0","98","1696071675126643","7Hcl7P3-Ceba","0","47357905271291","","","","7","0","","1"
"24","https://www.youtube.com/results?search_query=hino+sporting","hino sporting - YouTube","moc.ebutuoy.www.","1","0","0","98","1696071682796791","jWGrUCBSCAbO","0","47357475073553","","","","7","0","","1"
"25","https://www.youtube.com/results?search_query=hino+sporting+o+mundo+sabe+que","hino sporting o mundo sabe que - YouTube","moc.ebutuoy.www.","1","0","0","98","1696071689294994","hYgDc5iimlZR","0","47357332385253","","","","7","0","","1"
"26","https://www.youtube.com/watch?v=p_L07S7s65o","O mundo sabe que ( letra e musica) - YouTube","moc.ebutuoy.www.","1","0","0","98","1696071691454437","eXj1sfA5LdzS","0","47360230474582","","","","7","0","","1"
"27","https://muum.ummn.nu/api/v1/download?sig=Mc7aKgyoTEZpFwUu0isWwQAeBSTVGJBPOY%2B87hmyEt92Q09KH9ly%2F%2BDzl8nSI7F2A2FiK7h5gp92nmj%2FnLMdIJAoJutsFkzEJTBj9nI1WwdHNXlPypSXUaX%2FleMXelvPZhNy84bAz8hJLYQPTy0cbtRHBH8HlSAGcH9fERLZ9jn%2Fw5nU5cw3OnLNfFgNW8P8l%2F5%2Fe2aU1%2Fo2QssAU2%2Fz0U3mt5yO%2ByQ5tK4W%2FjE5DV%2FqZgP8wmjrOJp%2FQNRwVdC47YDoQXPejG3j3zF9tIEGkxv7JTMJfw6CEy07P7DWhyBuVYVmEI5BOub3jmC2xvhoOpALu8ZzHzGORe6t3XrMrg%3D%3D&v=v=p_L07S7s65o,p_L07S7s65o&_=0.5070387243374828","O mundo sabe que ( letra e musica).mp3","un.nmmu.muum.","0","0","0","0","1696071698550000","fvLM-Ut1_jSU","0","47357030085288","","","","9","0","","1"
"28","https://agabeldumon.com/4/5573682","Redirect","moc.nomudlebaga.","1","0","0","98","1696071699027829","5U1bc4LJP-FJ","0","47356548062408","","","","10","0","","1"
"29","https://agabeldumon.com/partitial/5117836/?var=5573682&ab2r=0&prfrev=false&rhd=false","Redirect","moc.nomudlebaga.","1","0","0","98","1696071699121355","j5cupGrceqMJ","0","47357248581904","","","","10","0","","1"
"30","https://www.youtube.com/watch?v=oTisGivbhfs","SUPPORTING- DIA DE JOGO - YouTube","moc.ebutuoy.www.","1","0","0","98","1696071925149763","aD9pCy8I1VfU","0","47359213186452","","","","7","0","","1"
"31","https://www.youtube.com/watch?v=U5uEay1xKzI","[DUXXI] FAÇAM-NOS ACREDITAR VIDEOCLIP OFICIAL DUXXI (25ABR2021) - YouTube","moc.ebutuoy.www.","1","0","0","98","1696072158740870","qd7_gdn3bAnz","0","47357988757620","","","","7","0","","1"
"32","https://www.youtube.com/watch?v=6x4ca5pGV9E","Façam-Nos Acreditar - YouTube","moc.ebutuoy.www.","1","0","0","100","1696072558870020","18OUVaOCnRBF","0","47359023476499","","","","7","0","","1"
"33","https://www.youtube.com/watch?v=rb1_sTUZGwM","Em qualquer lugar e de qualquer maneira - YouTube","moc.ebutuoy.www.","1","0","0","100","1696072847792563","BmlwCdDcE9wb","0","47360431920917","","","","7","0","","1"
"34","https://www.youtube.com/watch?v=JbIZKu-BPrE","A turma de Alvalade - YouTube","moc.ebutuoy.www.","1","0","0","100","1696073117972223","b4obpOzOoj0j","0","47358939966510","","","","7","0","","1"
"35","https://www.youtube.com/watch?v=aHAOH8hQlEU","Braços no ar - YouTube","moc.ebutuoy.www.","1","0","0","100","1696073345584370","3mKNeT3WyabS","0","47360273055044","","","","7","0","","1"
"36","https://www.youtube.com/watch?v=HtIUDfel8VM","Alma da bancada - YouTube","moc.ebutuoy.www.","1","0","0","100","1696073600150067","KQDvrfSqiPDW","0","47359372160074","","","","7","0","","1"
"37","https://www.youtube.com/watch?v=h04Vu20JPug","Ser benfiquista - YouTube","moc.ebutuoy.www.","1","0","0","100","1696073787893250","YW0H5c8JI3hp","0","47360041246210","","","","7","0","","1"
"38","https://www.youtube.com/watch?v=UnSR9u9Kbm4","O meu Alentejo - YouTube","moc.ebutuoy.www.","1","0","0","100","1696073997265230","9YecbX0l6yFm","0","47359686768242","","","","7","0","","1"
"39","https://www.google.com/search?channel=fs&client=ubuntu-sn&q=reddit+%2Fsteganography","reddit /steganography - Google Search","moc.elgoog.www.","1","0","1","100","1696074111138385","MhDjTx61e2yU","0","47359108457656","","","","4","0","","1"
"40","https://www.google.com/url?sa=t&rct=j&q=&esrc=s&source=web&cd=&ved=2ahUKEwjLhJq3oNKBAxWhaqQEHdvMDRwQFnoECA4QAQ&url=https%3A%2F%2Fwww.reddit.com%2Fr%2FSteganography%2F&usg=AOvVaw2rt6U9_CdEjndiuTvV5TJ1&opi=89978449","","moc.elgoog.www.","1","0","0","100","1696074194427405","l6ore9VYCQPJ","0","47358904380198","","","","4","0","","1"
"41","https://www.reddit.com/r/Steganography/","","moc.tidder.www.","1","1","0","25","1696074194546050","rPmZCTrBvPep","0","47358588195944","","","","11","0","","1"
"42","https://www.reddit.com/r/Steganography/?rdt=45658","Steganography","moc.tidder.www.","1","0","0","100","1696074194698541","E4h3FfF-CRuQ","0","47357822526413","","","","11","0","","1"
"43","https://www.reddit.com/r/Steganography/comments/16suajy/lapsus_steg_bundle/","Lapsus$ Steg bundle : r/Steganography","moc.tidder.www.","1","0","0","100","1696074203019146","7VDiOcVB9rdo","0","47358737794248","","","","11","0","","1"
"44","https://www.mediafire.com/file/kv9q65fvgl9uky8/Steg_Tools_v5.7.0_By_Lapsus%2524.zip/file","Steg_Tools_v5.7.0_By_Lapsus$","moc.erifaidem.www.","1","0","1","2000","1696074218530542","Yf-3uBwjLf0A","0","47359460287741","MediaFire is a simple to use free service that lets you put all your photos, documents, music, and video in a single place so you can access them anywhere and share them everywhere.","https://static.mediafire.com/images/filetype/download/zip.jpg","","12","0","","1"
"45","https://otnolatrnup.com/fp.engine?id=5ff0fb62-0643-4ff1-aaee-c737f9ffc0e0&rand=73194&ver=async&time=-60&referrerUrl=&subId=&tid=&abr=false&res=1584x835&stdTime=0&fpe=1&curl=https%3A%2F%2Fwww.mediafire.com%2Ffile%2Fkv9q65fvgl9uky8%2FSteg_Tools_v5.7.0_By_Lapsus%252524.zip%2Ffile&kw=online%20storage%2Cfree%20storage%2Ccloud%20storage%2Ccollaboration%2Cbackup%20file%20sharing%2Cshare%20files%2Cphoto%20backup%2Cphoto%20sharing%2Cftp%20replacement%2Ccross%20platform%2Cremote%20access%2Cmobile%20access%2Csend%20large%20files%2Crecover%20files%2Cfile%20versioning%2Cundelete%2Cwindows%2Cpc%2Cmac%2Cos%20x%2Clinux%2Ciphone&spt=1","","moc.punrtalonto.","1","1","0","25","1696074234119914","wg7uzitJpv9e","0","47359171213972","","","","13","0","","1"
"46","https://download2300.mediafire.com/99eoeoatnufgMERmTObuMoRmlJahkTsv3t2KpjiWaHQzwohwxZuic1qdzxJ262l78XNgDuGlh0FzizgTubf-05VcGleKX9yQpdmgZeUtEcdJBp_ZUnfJjqhG_kaoO6pag7ZCXQiicGcywtVPK4TviuNigt6WSscb-aH_ce9SxVuM/kv9q65fvgl9uky8/Steg_Tools_v5.7.0_By_Lapsus%24.zip","Steg_Tools_v5.7.0_By_Lapsus$.zip","moc.erifaidem.0032daolnwod.","0","0","0","0","1696074234415000","l2njhBnW_Cvl","0","47357317078004","","","","14","0","","1"
"47","https://otnolatrnup.com/Redirect.eng?MediaSegmentId=75790&dcid=1_ctx_a9bb6127-b0a3-4d51-bd26-985aa98d0a8f&vmId=00000000-0000-0000-0000-000000000000&abr=false&timeZoneOffset=0&dst=True&v=FmEnMSmA_5r5iNRpXlWS_SleMs4YBRBM9D_AFvKfaMr36PhpPPGtMVPzKvwViVLPZfIZ4jPuO62ywnA06-ZzNoYOi5emO45zZs07AhnqswhGfDu2UTK50gLIN2bjaleH-FS0yF8dtvYhX6GZ_pMnwx4_o4uHjs2qkZzDCvR_QcPbiKn0dxxhnniH0YrYSBEm3trAdn97xhD9Pql19NNGOUpbO1BdL_qHq1adSsoUz4DuogCNR9BENEgGPp6H9cZyj__l0IhdBx2b9pd0Ysn1ThBr9Q1GB3-xsLymMKv9QMe9dOuAv75p5_B_zTpVD_3YtWpst5_fgGawWf_WyxfFsJulj-YvG4px5V_TyTHAkKU6xQesBFKWEQY5oh88y_AncYYIF2SMZ2wj6n5L2FJxEppuCyFHKQsZmmS2XtdcB97XKA72CD3swTPSXSr_b8EXPUplWRT4ZmcG-GtmF6aM-lkJv5YIw-aibdRWzhxwh3HCEZMxVXWDKCUJMr0Vyybm5WTvIdhenu81CZtGI4sDdHD1QnbeV_kFIfBcdbPA4QhgNEvGf01rRTTCepqzF_e5sQbEQUeaOlqNVW5hlsLRBtKvr7k4szLQItFgSLtRoe9F8VY1kD-Fw1SZ7qC4Afm0wQBS7TAaMUsRZW6lCD26SBxHDh99oil6Q5FKlH30qiXE5cDHENkqf2_C-FR2SvKDYRAq9CCCuAYj0IH2611pwA_TrenNxRCEIYxEztTfL7Z-afdyjCA3pG7TBixx9wGC2Udqp6EN0QHUJFzdXMD1gtc0cU7pYGjG21Zrd1h3fn-QWN5E-yBumIcf1M8ZIDFKpA4x6nvdvcxWF1efWAAPZGc9j4FLj5E3z9dLHfZugYPbSs3WwV-WCpGmpFQ-Ax_XkRo_U-tthC0R1yvBCqMeOt3_06v5v2YWAuNyh91jrEDYFaXgSs0xetjP-NhZ1iGD8yfhGNbAbLgwDP6GCjl_s1I3GbbCIq-FYR6VU1pG2wYEndJrZaAOeOWTINyG7F1IWzs1Bsq5phh5Wv31sGPS-IhE8Xyi5u2nbjY_bly08nw1&kw=online+storage%2Cfree+storage%2Ccloud+storage%2Ccollaboration%2Cbackup+file+sharing%2Cshare+files%2Cphoto+backup%2Cphoto+sharing%2Cftp+replacement%2Ccross+platform%2Cremote+access%2Cmobile+access%2Csend+large+files%2Crecover+files%2Cfile+versioning%2Cundelete%2Cwindows%2Cpc%2Cmac%2Cos+x%2Clinux%2Ciphone&mw=1024&mh=768&res=1584x835&spt=1&kw=online+storage%2cfree+storage%2ccloud+storage%2ccollaboration%2cbackup+file+sharing%2cshare+files%2cphoto+backup%2cphoto+sharing%2cftp+replacement%2ccross+platform%2cremote+access%2cmobile+access%2csend+large+files%2crecover+files%2cfile+versioning%2cundelete%2cwindows%2cpc%2cmac%2cos+x%2clinux%2ciphone","","moc.punrtalonto.","1","0","0","100","1696074234549124","Ikyvsz4zC-bt","0","47359728411725","","","","13","0","","1"
"48","https://btt-pt.hopghpfa.com/pt/casino?partner=p4706p21951p3cc7&subid=7e235065-f27e-4b7c-a2f5-871a2af4cd60#registration-bonus","","moc.afphgpoh.tp-ttb.","1","1","0","25","1696074248366564","wQADbcXJr_w4","0","47357391305151","","","","15","0","","1"
"49","https://www.bettilt363.com/pt/casino?partner=p4706p21951p3cc7&subid=7e235065-f27e-4b7c-a2f5-871a2af4cd60#registration-bonus","Bettilt","moc.363tlitteb.www.","1","0","0","100","1696074248724513","ZCkV2x-No4ya","0","47356882973515","","","","16","0","","1"
"50","https://www.google.com/search?channel=fs&client=ubuntu-sn&q=secure+delete+is+too+slow+-+alternatives+to+secure+delete","secure delete is too slow - alternatives to secure delete - Google Search","moc.elgoog.www.","1","0","1","100","1696075406028647","qqK50LFqFBtr","0","47359199798530","","","","4","0","","1"
"51","https://www.google.com/url?sa=t&rct=j&q=&esrc=s&source=web&cd=&ved=2ahUKEwjs-9WgpdKBAxX_VaQEHS9QDUoQFnoECBwQAQ&url=https%3A%2F%2Frecoverit.wondershare.com%2Fcomputer-tips%2Fsecure-delete-linux.html&usg=AOvVaw0eEMq9IAXnOc5NiWVVQT_-&opi=89978449","","moc.elgoog.www.","1","0","0","100","1696075409649522","8Y8mvsrSJZ2U","0","47359022933237","","","","4","0","","1"
"52","https://recoverit.wondershare.com/computer-tips/secure-delete-linux.html","3 Easy Methods to Securely Delete Files in Linux","moc.erahsrednow.tirevocer.","1","0","0","100","1696075410125149","zNplwrA6XeZn","0","47358011723170","When you want to delete a file on your PC, the system removes it, but it isn’t permanently deleted. Learn how Linux secure delete file works in this article.","https://images.wondershare.com/recoverit/banner/article-social-banner.jpg","","17","0","","1"
"53","https://www.google.com/search?channel=fs&client=ubuntu-sn&q=remove+files+on+ubuntu","remove files on ubuntu - Google Search","moc.elgoog.www.","1","0","1","100","1696075433088507","r-oYMsgyqgAA","0","47358596657081","","","","4","0","","1"
"54","https://www.google.com/search?q=safely+remove+files+on+ubuntu&client=ubuntu-sn&hs=S0c&sca_esv=569700401&channel=fs&ei=qA4YZafsPP2kkdUPsJCBwAw&ved=0ahUKEwin4MitpdKBAxV9UqQEHTBIAMgQ4dUDCA8&uact=5&oq=safely+remove+files+on+ubuntu&gs_lp=Egxnd3Mtd2l6LXNlcnAiHXNhZmVseSByZW1vdmUgZmlsZXMgb24gdWJ1bnR1MgUQABiiBDIFEAAYogQyCBAAGIkFGKIESIVHUKQpWKtEcAR4AZABAJgBjgGgAcgFqgEDMy40uAEDyAEA-AEBwgIKEAAYRxjWBBiwA8ICCBAAGB4YDRgPwgIIEAAYBRgeGA3CAggQABiKBRiGA8ICChAhGKABGMMEGAriAwQYACBBiAYBkAYI&sclient=gws-wiz-serp","safely remove files on ubuntu - Google Search","moc.elgoog.www.","1","0","0","100","1696075444715896","o6gUOKw-WnHo","0","47358069582899","","","","4","0","","1"
"55","https://www.google.com/url?sa=t&rct=j&q=&esrc=s&source=web&cd=&ved=2ahUKEwihyo6zpdKBAxUGUKQEHfO-CsAQFnoECA0QAw&url=https%3A%2F%2Fhelp.ubuntu.com%2Fstable%2Fubuntu-help%2Ffiles-delete.html.en&usg=AOvVaw0yGDRc208G0lBOH22PjY6h&opi=89978449","","moc.elgoog.www.","1","0","0","100","1696075446767824","ZnL8n85npugP","0","47360339601902","","","","4","0","","1"
"56","https://help.ubuntu.com/stable/ubuntu-help/files-delete.html.en","Delete files and folders","moc.utnubu.pleh.","1","0","0","100","1696075447601998","RezgbnJL7oOa","0","47358127119051","","","","18","0","","1"
"57","https://www.google.com/search?channel=fs&client=ubuntu-sn&q=who+are+lapsus%24","who are lapsus$ - Google Search","moc.elgoog.www.","1","0","1","100","1696075634881578","YT_7x5z2D3Cc","0","47358748763157","","","","4","0","","1"
"58","http://shrtco.de/xq56SY","","ed.octrhs.","1","1","1","25","1696075763133679","6rPViWrNnFuv","0","125509908950700","","","","19","0","","1"
"59","https://shrtco.de/xq56SY","Password protected Link · shrtcode","ed.octrhs.","1","0","0","2000","1696075763355123","Htuvsw6xH9ns","0","47356461875292","Secure and reliable Online Tools","https://shrtco.de/assets/img/meta/general.png","","20","0","","1"
"60","https://twitter.com/CsarSilvaF20952","César Silva Ferro (@CsarSilvaF20952) / X","moc.rettiwt.","2","0","1","4000","1696076433795592","7fSBZEBwcxMg","0","47359660133348","IST-MEIC | Sporting 1906","https://pbs.twimg.com/profile_images/1705242256582574080/BiQrgL8T_normal.jpg","","21","0","","1"
"61","https://twitter.com/i/flow/login?redirect_after_login=%2FCsarSilvaF20952","Log in to Twitter / X","moc.rettiwt.","1","0","0","100","1696076437183679","ee_b4I9W3rr1","0","47357995932093","Log in to X to see the latest. Join the conversation, follow accounts, see your Home Timeline and catch up on posts from the people you know.","","","21","0","","1"
"62","https://accounts.google.com/gsi/select?client_id=49625052041-kgt0hghf445lmcmhijv46b715m2mpbct.apps.googleusercontent.com&ux_mode=popup&ui_mode=card&as=Omp%2B1GgZNsgx4uy0d8z%2FTg&channel_id=ae186e027b434784f492629af39737bda76ab04bccb8c757fa53abf26d5e1793&origin=https%3A%2F%2Ftwitter.com","","moc.elgoog.stnuocca.","1","1","0","25","1696076449964207","x7ZR0KvRYBRZ","0","47356706943973","","","","22","0","","1"
"63","https://accounts.google.com/AddSession?faa=1&rip=1&continue=https://accounts.google.com/gsi/select?client_id%3D49625052041-kgt0hghf445lmcmhijv46b715m2mpbct.apps.googleusercontent.com%26ux_mode%3Dpopup%26ui_mode%3Dcard%26as%3DOmp%252B1GgZNsgx4uy0d8z/Tg%26channel_id%3Dae186e027b434784f492629af39737bda76ab04bccb8c757fa53abf26d5e1793%26origin%3Dhttps://twitter.com","","moc.elgoog.stnuocca.","1","1","0","25","1696076450033776","xmIJsScX5QNz","0","47356929051731","","","","22","0","","1"
"64","https://accounts.google.com/ServiceLogin?continue=https%3A%2F%2Faccounts.google.com%2Fgsi%2Fselect%3Fclient_id%3D49625052041-kgt0hghf445lmcmhijv46b715m2mpbct.apps.googleusercontent.com%26ux_mode%3Dpopup%26ui_mode%3Dcard%26as%3DOmp%252B1GgZNsgx4uy0d8z%2FTg%26channel_id%3Dae186e027b434784f492629af39737bda76ab04bccb8c757fa53abf26d5e1793%26origin%3Dhttps%3A%2F%2Ftwitter.com&faa=1","","moc.elgoog.stnuocca.","1","1","0","25","1696076450084379","8Vs_DJLr54YU","0","47357983755134","","","","22","0","","1"
"65","https://accounts.google.com/InteractiveLogin?continue=https://accounts.google.com/gsi/select?client_id%3D49625052041-kgt0hghf445lmcmhijv46b715m2mpbct.apps.googleusercontent.com%26ux_mode%3Dpopup%26ui_mode%3Dcard%26as%3DOmp%252B1GgZNsgx4uy0d8z/Tg%26channel_id%3Dae186e027b434784f492629af39737bda76ab04bccb8c757fa53abf26d5e1793%26origin%3Dhttps://twitter.com&faa=1&ifkv=AYZoVhfjdiG7HSxJkHeVPmj39RChlhS4TfoqjFjDmAuF77wxB7c6KRuPVaA3UL0kaCS0RUDY_vjU","","moc.elgoog.stnuocca.","1","1","0","25","1696076450167073","LTypT3ZlczVO","0","47358361840304","","","","22","0","","1"
"66","https://accounts.google.com/v3/signin/identifier?continue=https%3A%2F%2Faccounts.google.com%2Fgsi%2Fselect%3Fclient_id%3D49625052041-kgt0hghf445lmcmhijv46b715m2mpbct.apps.googleusercontent.com%26ux_mode%3Dpopup%26ui_mode%3Dcard%26as%3DOmp%252B1GgZNsgx4uy0d8z%2FTg%26channel_id%3Dae186e027b434784f492629af39737bda76ab04bccb8c757fa53abf26d5e1793%26origin%3Dhttps%3A%2F%2Ftwitter.com&faa=1&ifkv=AYZoVhdG4XHr4mBoH7SrgvTZsJbWKS7ugzKjSgZA7mA_d2HAqyci12a5Bl_M7nbfBewLAr6lcJtf&flowName=GlifWebSignIn&flowEntry=ServiceLogin&dsh=S1930379239%3A1696076450129700&theme=glif","Sign in - Google Accounts","moc.elgoog.stnuocca.","1","0","0","40","1696076450292044","4_uXo5pl8PLu","0","47359544696740","","","","22","0","","1"
"67","https://drive.google.com/file/d/1FtLHkqwGdfZQHpdxF2Vq4daS9TK4LJrM/edit","petition_.pdf - Google Drive","moc.elgoog.evird.","1","0","1","2000","1696078886801005","uOoeI-Mx9hXv","0","47357655187078","","","","23","0","","1"
"68","https://drive.google.com/uc?id=1FtLHkqwGdfZQHpdxF2Vq4daS9TK4LJrM&export=download","","moc.elgoog.evird.","2","1","0","50","1696078907856642","3dBJNV5Skwzt","0","47358486954646","","","","23","0","","1"
"69","https://doc-0c-6g-docs.googleusercontent.com/docs/securesc/kdkkjbr6v5vggjvd22eblrmadcu8chpv/8sessrnjto3f3m5q6nau15i2sggfi1jn/1696078875000/07241937824661026261/06131005858903779296Z/1FtLHkqwGdfZQHpdxF2Vq4daS9TK4LJrM?e=download&uuid=18da610b-0e7f-4eb5-af3b-82c5041f5342","","moc.tnetnocresuelgoog.scod-g6-c0-cod.","1","1","0","25","1696078893941107","qEdbN6peQKPs","0","47357788325793","","","","24","0","","1"
"70","https://drive.google.com/nonceSigner?nonce=s2us0l5ctln9g&continue=https://doc-0c-6g-docs.googleusercontent.com/docs/securesc/kdkkjbr6v5vggjvd22eblrmadcu8chpv/8sessrnjto3f3m5q6nau15i2sggfi1jn/1696078875000/07241937824661026261/06131005858903779296Z/1FtLHkqwGdfZQHpdxF2Vq4daS9TK4LJrM?e%3Ddownload%26uuid%3D18da610b-0e7f-4eb5-af3b-82c5041f5342&hash=v6btps5tapa4pa81343favob1cj2ljoc","","moc.elgoog.evird.","1","1","0","25","1696078894089295","jL2MmIsqDbg4","0","47356896806575","","","","23","0","","1"
"71","https://doc-0c-6g-docs.googleusercontent.com/docs/securesc/kdkkjbr6v5vggjvd22eblrmadcu8chpv/8sessrnjto3f3m5q6nau15i2sggfi1jn/1696078875000/07241937824661026261/06131005858903779296Z/1FtLHkqwGdfZQHpdxF2Vq4daS9TK4LJrM?e=download&uuid=18da610b-0e7f-4eb5-af3b-82c5041f5342&nonce=s2us0l5ctln9g&user=06131005858903779296Z&hash=hvacnugrpmgvgc4fq9pd3vnh38pbfpur","","moc.tnetnocresuelgoog.scod-g6-c0-cod.","1","0","0","0","1696078894275864","QDnzqKwTJaqD","0","47359196038242","","","","24","0","","0"
"72","https://doc-0c-6g-docs.googleusercontent.com/docs/securesc/kdkkjbr6v5vggjvd22eblrmadcu8chpv/8sessrnjto3f3m5q6nau15i2sggfi1jn/1696078875000/07241937824661026261/06131005858903779296Z/1FtLHkqwGdfZQHpdxF2Vq4daS9TK4LJrM?e=download&uuid=6b8ce0a7-17e4-44c2-b4ca-3e93be14098e","","moc.tnetnocresuelgoog.scod-g6-c0-cod.","1","1","0","25","1696078908005410","0gwVEk0tK5n2","0","47356388520080","","","","24","0","","1"
"73","https://drive.google.com/nonceSigner?nonce=s48o99nlpim3m&continue=https://doc-0c-6g-docs.googleusercontent.com/docs/securesc/kdkkjbr6v5vggjvd22eblrmadcu8chpv/8sessrnjto3f3m5q6nau15i2sggfi1jn/1696078875000/07241937824661026261/06131005858903779296Z/1FtLHkqwGdfZQHpdxF2Vq4daS9TK4LJrM?e%3Ddownload%26uuid%3D6b8ce0a7-17e4-44c2-b4ca-3e93be14098e&hash=r772asv38knleanfruk75r2q61q9lkdn","","moc.elgoog.evird.","1","1","0","25","1696078908353225","z42tVnnEar_A","0","47357118584224","","","","23","0","","1"
"74","https://doc-0c-6g-docs.googleusercontent.com/docs/securesc/kdkkjbr6v5vggjvd22eblrmadcu8chpv/8sessrnjto3f3m5q6nau15i2sggfi1jn/1696078875000/07241937824661026261/06131005858903779296Z/1FtLHkqwGdfZQHpdxF2Vq4daS9TK4LJrM?e=download&uuid=6b8ce0a7-17e4-44c2-b4ca-3e93be14098e&nonce=s48o99nlpim3m&user=06131005858903779296Z&hash=fq69qft3ctio0ofh8bsbajv38u9v8m3v","petition_.pdf","moc.tnetnocresuelgoog.scod-g6-c0-cod.","0","0","0","0","1696078908584000","L3LocoN7bRj0","0","47358107821114","","","","24","0","","1"
